Camp_Index,Camp_Type,Camp_StartDay,Camp_EndDay,Camp_Channels,Camp_TargetProducts,Camp_Bound
1,Minimum assignment,32,59,call center,ALL,1510.0
2,Minimum assignment,91,120,email,ALL,62046.0
3,Maximum assignment,1,31,direct mail,ALL,26705.8
4,Maximum assignment,32,59,text message,ALL,10138.055
5,Budget,1,120,call center,ALL,301282.8
6,Budget,1,120,direct mail; email; text message,ALL,146498.38000000006
7,Minimum sales,1,120,ALL,11,2782.4669991788
8,Maximum sales,1,120,ALL,12,1154.8321443176926
9,Maximum contact,1,120,ALL,ALL,3.0
