Camp_Index,Camp_Type,Camp_StartDay,Camp_EndDay,Camp_Channels,Camp_TargetProducts,Camp_Bound
1,Minimum assignment,1,31,direct mail,ALL,15576.0
2,Minimum assignment,32,59,text message,ALL,1136.0
3,Maximum assignment,32,59,call center,ALL,633.8149999999998
4,Maximum assignment,91,120,email,ALL,37800.05
5,Budget,1,120,call center,ALL,375294.0749999998
6,Budget,1,120,direct mail; email; text message,ALL,131293.04125000027
7,Minimum sales,1,120,ALL,11,2235.140880536583
8,Maximum sales,1,120,ALL,12,1811.611588174873
9,Maximum contact,1,120,ALL,ALL,3.0
