Act_Activity,Act_Day,Act_Channel,Act_TargetProducts,Act_Cost
1,88,text message,1,0.0725
2,26,text message,1,0.0725
3,72,text message,1,0.0725
4,116,email,2,0.0
5,93,email,2,0.0
6,75,email,2,0.0
7,63,email,3,0.0
8,47,text message,4;11,0.0725
9,33,direct mail,5;12,2.9
10,89,direct mail,5;12,2.9
11,24,direct mail,6,2.9
12,56,direct mail,6,2.9
13,66,direct mail,7,2.9
14,114,direct mail,7,2.9
15,78,email,8;12,0.0
16,4,email,8;12,0.0
17,1,email,8;12,0.0
18,78,call center,9,18.85
19,7,call center,9,18.85
20,53,call center,9,18.85
21,86,call center,9,18.85
22,71,call center,10;12,18.85
23,3,call center,10;12,18.85
24,77,call center,10;12,18.85
25,92,direct mail,3,2.9
26,22,email,9,0.0
27,76,email,9,0.0
28,8,email,9,0.0
29,78,call center,3,18.85
30,73,call center,3,18.85
31,76,call center,3,18.85
32,77,text message,2;11,0.0725
33,44,text message,2;11,0.0725
34,21,text message,2;11,0.0725
35,31,call center,5,18.85
36,37,call center,5,18.85
37,104,call center,1,18.85
38,8,call center,1,18.85
39,46,direct mail,5;12,2.9
40,69,direct mail,5;12,2.9
41,58,email,2,0.0
42,113,email,2,0.0
43,83,direct mail,8,2.9
44,97,direct mail,8,2.9
45,14,text message,4,0.0725
46,11,email,2,0.0
47,24,email,2,0.0
48,82,email,2,0.0
49,8,call center,7;12,18.85
50,25,call center,7;11,18.85
51,75,call center,7;11,18.85
52,93,call center,7;11,18.85
53,21,direct mail,10,2.9
54,33,direct mail,10,2.9
55,13,direct mail,10,2.9
56,66,email,7,0.0
57,95,email,7,0.0
58,61,text message,10,0.0725
59,106,text message,10,0.0725
60,25,email,7;12,0.0
61,83,email,1;12,0.0
62,116,text message,1;11,0.0725
63,98,text message,1;11,0.0725
64,3,direct mail,3;11,2.9
65,109,direct mail,3;11,2.9
66,93,call center,10;11,18.85
67,104,call center,10;11,18.85
68,99,text message,7;11,0.0725
69,11,direct mail,1,2.9
70,55,direct mail,1,2.9
71,97,email,7;11,0.0
72,106,email,8;11,0.0
73,83,text message,1,0.0725
74,87,email,4;12,0.0
75,71,direct mail,10;11,2.9
76,67,direct mail,10;11,2.9
77,72,direct mail,10;11,2.9
78,104,call center,1,18.85
79,49,email,4;12,0.0
80,55,direct mail,5;12,2.9
81,16,direct mail,8,2.9
82,6,direct mail,8,2.9
83,18,direct mail,8,2.9
84,43,email,6;11,0.0
85,21,email,6;11,0.0
86,119,email,6;11,0.0
87,49,text message,4;11,0.0725
88,23,text message,4;11,0.0725
89,102,call center,9,18.85
90,14,call center,9;11,18.85
91,114,call center,9;11,18.85
92,115,text message,1,0.0725
93,98,text message,7,0.0725
94,54,text message,7,0.0725
95,85,email,8,0.0
96,11,email,10,0.0
97,97,email,10,0.0
98,56,email,6,0.0
99,62,email,6,0.0
100,57,email,6,0.0
