Camp_Index,Camp_Type,Camp_StartDay,Camp_EndDay,Camp_Channels,Camp_TargetProducts,Camp_Bound
1,Minimum assignment,1,31,call center,ALL,15271.0
2,Minimum assignment,60,90,text message,ALL,10871.0
3,Maximum assignment,60,90,direct mail,ALL,38539.70812499815
4,Maximum assignment,1,31,email,ALL,113659.845
5,Budget,1,120,call center,ALL,342021.8099999997
6,Budget,1,120,direct mail; email; text message,ALL,200059.12800000046
7,Minimum sales,1,120,ALL,11,3547.109030335337
8,Maximum sales,1,120,ALL,12,6439.740289965918
9,Maximum contact,1,120,ALL,ALL,3.0
