Act_Activity,Act_Day,Act_Channel,Act_TargetProducts,Act_Cost
1,1,direct mail,1,2.04
2,78,direct mail,1,2.04
3,7,direct mail,1,2.04
4,53,direct mail,2,2.04
5,86,direct mail,2,2.04
6,71,direct mail,2,2.04
7,3,direct mail,3;11,2.04
8,77,email,4,0.0
9,92,email,4,0.0
10,22,call center,5;12,13.26
11,76,call center,5;12,13.26
12,8,call center,6,13.26
13,78,call center,6,13.26
14,73,direct mail,7;12,2.04
15,76,direct mail,7;12,2.04
16,77,direct mail,7;12,2.04
17,44,email,8,0.0
18,21,email,8,0.0
19,31,email,8,0.0
20,37,email,8,0.0
21,104,call center,9;12,13.26
22,8,call center,9;12,13.26
23,46,call center,9;12,13.26
24,69,call center,9;12,13.26
25,58,text message,10;12,0.051
26,113,text message,10;12,0.051
27,83,text message,10;12,0.051
28,97,call center,1,13.26
29,14,call center,6,13.26
30,11,call center,6,13.26
31,24,call center,6,13.26
32,82,direct mail,3,2.04
33,8,direct mail,3,2.04
34,25,direct mail,3,2.04
35,75,email,2;12,0.0
36,93,email,2;12,0.0
37,21,email,2;12,0.0
38,33,direct mail,9,2.04
39,13,direct mail,9,2.04
40,66,text message,6;11,0.051
41,95,text message,6;11,0.051
42,61,email,10,0.0
43,106,email,10,0.0
44,25,call center,5,13.26
45,83,call center,5,13.26
46,116,call center,10,13.26
47,98,call center,10,13.26
48,3,direct mail,2,2.04
49,109,email,3;11,0.0
50,93,email,3;11,0.0
51,104,email,3;11,0.0
52,99,text message,1;12,0.051
53,11,email,5,0.0
54,55,email,5,0.0
55,97,email,5,0.0
56,106,email,8,0.0
57,83,email,8,0.0
58,87,email,8,0.0
59,71,text message,1,0.051
60,67,text message,1,0.051
61,72,direct mail,7,2.04
62,104,direct mail,7,2.04
63,49,call center,3,13.26
64,55,text message,5,0.051
65,16,direct mail,4;12,2.04
66,6,direct mail,4;12,2.04
67,18,email,7,0.0
68,43,email,7,0.0
69,21,email,8;11,0.0
70,119,email,8;11,0.0
71,49,email,8;11,0.0
72,23,text message,7,0.051
73,102,email,4;12,0.0
74,14,email,4;12,0.0
75,114,direct mail,1,2.04
76,115,call center,7;12,13.26
77,98,email,5,0.0
78,54,direct mail,8,2.04
79,85,direct mail,7,2.04
80,11,direct mail,7,2.04
81,97,direct mail,7,2.04
82,56,email,3,0.0
83,62,text message,10;12,0.051
84,57,call center,6,13.26
85,90,call center,10,13.26
86,22,call center,10,13.26
87,104,call center,10,13.26
88,97,text message,10,0.051
89,84,text message,10,0.051
90,26,text message,10,0.051
91,114,text message,10;12,0.051
92,15,text message,10;12,0.051
93,14,email,9,0.0
94,85,email,7;11,0.0
95,117,email,7;11,0.0
96,44,email,5,0.0
97,7,email,3;11,0.0
98,78,email,3;11,0.0
99,57,direct mail,10,2.04
100,60,email,5;12,0.0
101,16,email,5;12,0.0
102,25,email,1,0.0
103,10,email,1,0.0
104,67,email,1,0.0
105,72,call center,1,13.26
106,54,call center,1,13.26
107,70,text message,4;12,0.051
108,37,text message,5;12,0.051
109,102,text message,10,0.051
110,22,call center,4,13.26
111,41,call center,4,13.26
112,78,call center,10;11,13.26
113,92,email,2;12,0.0
114,50,email,2;12,0.0
115,114,email,2;12,0.0
116,48,email,3,0.0
117,78,direct mail,6,2.04
118,41,direct mail,5;12,2.04
119,79,direct mail,5;12,2.04
120,46,direct mail,5;12,2.04
121,88,direct mail,5;12,2.04
122,17,direct mail,1;11,2.04
123,29,direct mail,1;11,2.04
124,107,email,9,0.0
125,46,email,9,0.0
