Camp_Index,Camp_Type,Camp_StartDay,Camp_EndDay,Camp_Channels,Camp_TargetProducts,Camp_Bound
1,Minimum assignment,32,59,direct mail,ALL,34104.0
2,Minimum assignment,60,90,text message,ALL,7163.0
3,Maximum assignment,91,120,call center,ALL,3587.97
4,Maximum assignment,91,120,email,ALL,74426.995
5,Budget,1,120,call center,ALL,258989.25000000015
6,Budget,1,120,direct mail; email; text message,ALL,200387.20674999966
7,Minimum sales,1,120,ALL,11,1020.0951964566838
8,Maximum sales,1,120,ALL,12,3338.5154460112994
9,Maximum contact,1,120,ALL,ALL,3.0
